-- tables that are not made: ProjectFiles, Faculty, pendingInvites.
insert into user (userID, firstName, middleName, lastName, email)
values (
        3,
        'Joanie',
        'Dolphin',
        'Arons',
        'jarons2@stumbleupon.com'
    );
insert into user (userID, firstName, middleName, lastName, email)
values (
        4,
        'Noland',
        'Morter',
        'Devonish',
        'ndevonish3@google.ru'
    );
insert into user (userID, firstName, middleName, lastName, email)
values (
        5,
        'Claudio',
        'Phelp',
        'Kennealy',
        'ckennealy4@clickbank.net'
    );
insert into user (userID, firstName, middleName, lastName, email)
values (
        6,
        'Bill',
        'Butterwick',
        'Scurlock',
        'bscurlock5@sogou.com'
    );
insert into user (userID, firstName, middleName, lastName, email)
values (
        7,
        'Aldus',
        'Spadari',
        'Kelshaw',
        'akelshaw6@deliciousdays.com'
    );
insert into user (userID, firstName, middleName, lastName, email)
values (
        8,
        'Simona',
        'Record',
        'Khrishtafovich',
        'skhrishtafovich7@meetup.com'
    );
insert into user (userID, firstName, middleName, lastName, email)
values (
        9,
        'Gunner',
        'Donneely',
        'Checketts',
        'gchecketts8@dailymail.co.uk'
    );
insert into user (userID, firstName, middleName, lastName, email)
values (
        10,
        'Nolly',
        'Dunbleton',
        'Stang-Gjertsen',
        'nstanggjertsen9@4shared.com'
    );
insert into user (userID, firstName, middleName, lastName, email)
values (
        11,
        'Tomas',
        'Eisenberg',
        'Seel',
        'tseela@booking.com'
    );
insert into user (userID, firstName, middleName, lastName, email)
values (
        12,
        'Nathanil',
        'O'' Neligan',
        'Bavister',
        'nbavisterb@mayoclinic.com'
    );
insert into user (userID, firstName, middleName, lastName, email)
values (
        13,
        'Eydie',
        'Currer',
        'Prenty',
        'eprentyc@oracle.com'
    );
insert into user (userID, firstName, middleName, lastName, email)
values (
        14,
        'Valeda',
        'Bugden',
        'Banfill',
        'vbanfilld@baidu.com'
    );
insert into user (userID, firstName, middleName, lastName, email)
values (
        15,
        'Joey',
        'Ibel',
        'Ganiford',
        'jganiforde@independent.co.uk'
    );
insert into user (userID, firstName, middleName, lastName, email)
values (
        16,
        'Jocelin',
        'Disbrow',
        'Agg',
        'jaggf@google.co.uk'
    );
insert into user (userID, firstName, middleName, lastName, email)
values (
        17,
        'Gretta',
        'Matejovsky',
        'McBlain',
        'gmcblaing@arstechnica.com'
    );
insert into user (userID, firstName, middleName, lastName, email)
values (
        18,
        'Rolland',
        'Travis',
        'Rickert',
        'rrickerth@creativecommons.org'
    );
insert into user (userID, firstName, middleName, lastName, email)
values (
        19,
        'Giavani',
        'Devita',
        'Drewery',
        'gdreweryi@ted.com'
    );
insert into user (userID, firstName, middleName, lastName, email)
values (
        20,
        'Keith',
        'Govier',
        'Phettiplace',
        'kphettiplacej@hhs.gov'
    );
insert into user (userID, firstName, middleName, lastName, email)
values (
        21,
        'Danya',
        'Thorrington',
        'Caldera',
        'dcalderak@surveymonkey.com'
    );
insert into user (userID, firstName, middleName, lastName, email)
values (
        22,
        'Estell',
        'Gorelli',
        'Gilkes',
        'egilkesl@columbia.edu'
    );
insert into user (userID, firstName, middleName, lastName, email)
values (
        23,
        'Simon',
        'Dashwood',
        'Bullivant',
        'sbullivantm@behance.net'
    );
insert into user (userID, firstName, middleName, lastName, email)
values (
        24,
        'Nanni',
        'O''Mahoney',
        'Manthroppe',
        'nmanthroppen@mediafire.com'
    );
insert into user (userID, firstName, middleName, lastName, email)
values (
        25,
        'Paton',
        'Groombridge',
        'Marcone',
        'pmarconeo@imgur.com'
    );
insert into user (userID, firstName, middleName, lastName, email)
values (
        26,
        'Tully',
        'Waskett',
        'Lunny',
        'tlunnyp@opera.com'
    );
insert into user (userID, firstName, middleName, lastName, email)
values (
        27,
        'Aidan',
        'Absolom',
        'Knowling',
        'aknowlingq@shutterfly.com'
    );
insert into user (userID, firstName, middleName, lastName, email)
values (
        28,
        'Derrick',
        'Alan',
        'Hacard',
        'dhacardr@godaddy.com'
    );
insert into user (userID, firstName, middleName, lastName, email)
values (
        29,
        'Codi',
        'Greenshields',
        'Tzarkov',
        'ctzarkovs@sbwire.com'
    );
insert into user (userID, firstName, middleName, lastName, email)
values (
        30,
        'Norah',
        'Dakhov',
        'Vasyunkin',
        'nvasyunkint@ox.ac.uk'
    );
insert into user (userID, firstName, middleName, lastName, email)
values (
        31,
        'Gaye',
        'Ottewill',
        'Andrick',
        'gandricku@mit.edu'
    );
insert into user (userID, firstName, middleName, lastName, email)
values (
        32,
        'Dagny',
        'Guy',
        'Crevagh',
        'dcrevaghv@engadget.com'
    );
insert into user (userID, firstName, middleName, lastName, email)
values (
        33,
        'Sherman',
        'Meanwell',
        'Wimlett',
        'swimlettw@china.com.cn'
    );
insert into user (userID, firstName, middleName, lastName, email)
values (
        34,
        'Adan',
        'Sirl',
        'Stennine',
        'astenninex@wiley.com'
    );
insert into user (userID, firstName, middleName, lastName, email)
values (
        35,
        'Melesa',
        'Sones',
        'Gilbertson',
        'mgilbertsony@hugedomains.com'
    );
insert into user (userID, firstName, middleName, lastName, email)
values (
        36,
        'Rivi',
        'Mingard',
        'Tuberfield',
        'rtuberfieldz@gov.uk'
    );
insert into user (userID, firstName, middleName, lastName, email)
values (
        37,
        'Cathe',
        'Attwell',
        'De Witt',
        'cdewitt10@springer.com'
    );
insert into user (userID, firstName, middleName, lastName, email)
values (
        38,
        'Alaine',
        'St Angel',
        'Coldbath',
        'acoldbath11@scribd.com'
    );
insert into user (userID, firstName, middleName, lastName, email)
values (
        39,
        'Kinny',
        'Fromant',
        'Greenaway',
        'kgreenaway12@soup.io'
    );
insert into user (userID, firstName, middleName, lastName, email)
values (
        40,
        'Rosetta',
        'Defries',
        'Crambie',
        'rcrambie13@mysql.com'
    );
insert into user (userID, firstName, middleName, lastName, email)
values (
        41,
        'Claribel',
        'Gaffer',
        'Fairholm',
        'cfairholm14@free.fr'
    );
insert into user (userID, firstName, middleName, lastName, email)
values (
        42,
        'Yuri',
        'Reignard',
        'Mayger',
        'ymayger15@domainmarket.com'
    );
insert into user (userID, firstName, middleName, lastName, email)
values (
        43,
        'Sheba',
        'Tussaine',
        'Skivington',
        'sskivington16@admin.ch'
    );
insert into user (userID, firstName, middleName, lastName, email)
values (
        44,
        'Dasie',
        'Nawton',
        'Seeger',
        'dseeger17@prweb.com'
    );
insert into user (userID, firstName, middleName, lastName, email)
values (
        45,
        'Halie',
        'Jickles',
        'Arnall',
        'harnall18@simplemachines.org'
    );
insert into user (userID, firstName, middleName, lastName, email)
values (
        46,
        'Juanita',
        'Bilham',
        'Luckhurst',
        'jluckhurst19@usgs.gov'
    );
insert into user (userID, firstName, middleName, lastName, email)
values (
        47,
        'Tris',
        'Moret',
        'Le-Good',
        'tlegood1a@amazon.com'
    );
insert into user (userID, firstName, middleName, lastName, email)
values (
        48,
        'Rodger',
        'Meller',
        'McBeth',
        'rmcbeth1b@ameblo.jp'
    );
insert into user (userID, firstName, middleName, lastName, email)
values (
        49,
        'Mae',
        'Moyse',
        'Hyndes',
        'mhyndes1c@jimdo.com'
    );
insert into user (userID, firstName, middleName, lastName, email)
values (
        50,
        'Fowler',
        'MacCague',
        'Gwyther',
        'fgwyther1d@mit.edu'
    );
insert into user (userID, firstName, middleName, lastName, email)
values (
        51,
        'Cheri',
        'Skill',
        'Cranmer',
        'ccranmer1e@163.com'
    );
insert into user (userID, firstName, middleName, lastName, email)
values (
        52,
        'Marney',
        'Kless',
        'Ivankin',
        'mivankin1f@economist.com'
    );
insert into user (userID, firstName, middleName, lastName, email)
values (
        53,
        'Hermina',
        'McKeady',
        'Suddards',
        'hsuddards1g@archive.org'
    );
insert into user (userID, firstName, middleName, lastName, email)
values (
        54,
        'Asher',
        'Rembaud',
        'Tetley',
        'atetley1h@dropbox.com'
    );
insert into user (userID, firstName, middleName, lastName, email)
values (
        55,
        'Fletch',
        'Eayrs',
        'Rains',
        'frains1i@wired.com'
    );
insert into user (userID, firstName, middleName, lastName, email)
values (
        56,
        'Tricia',
        'Whellans',
        'Cathcart',
        'tcathcart1j@infoseek.co.jp'
    );
insert into user (userID, firstName, middleName, lastName, email)
values (
        57,
        'Teador',
        'Bleby',
        'Kedwell',
        'tkedwell1k@storify.com'
    );
insert into user (userID, firstName, middleName, lastName, email)
values (
        58,
        'Rhodia',
        'Bullick',
        'Marler',
        'rmarler1l@lycos.com'
    );
insert into user (userID, firstName, middleName, lastName, email)
values (
        59,
        'Gilly',
        'Kenion',
        'Babonau',
        'gbabonau1m@moonfruit.com'
    );
insert into user (userID, firstName, middleName, lastName, email)
values (
        60,
        'Peter',
        'Phipard-Shears',
        'Algore',
        'palgore1n@devhub.com'
    );
insert into user (userID, firstName, middleName, lastName, email)
values (
        61,
        'Andriette',
        'Pressnell',
        'Klulik',
        'aklulik1o@biblegateway.com'
    );
insert into user (userID, firstName, middleName, lastName, email)
values (
        62,
        'Charles',
        'Hastwell',
        'Capelle',
        'ccapelle1p@tripadvisor.com'
    );
insert into user (userID, firstName, middleName, lastName, email)
values (
        63,
        'Marlo',
        'Greeding',
        'Rowan',
        'mrowan1q@feedburner.com'
    );
insert into user (userID, firstName, middleName, lastName, email)
values (
        64,
        'Cammy',
        'Magog',
        'Yosevitz',
        'cyosevitz1r@ucsd.edu'
    );
insert into user (userID, firstName, middleName, lastName, email)
values (
        65,
        'Nessy',
        'Payton',
        'Ellams',
        'nellams1s@home.pl'
    );
insert into user (userID, firstName, middleName, lastName, email)
values (
        66,
        'Benson',
        'McCrackan',
        'Khristyukhin',
        'bkhristyukhin1t@opera.com'
    );
insert into user (userID, firstName, middleName, lastName, email)
values (
        67,
        'Loraine',
        'Loblie',
        'Collyear',
        'lcollyear1u@sitemeter.com'
    );
insert into user (userID, firstName, middleName, lastName, email)
values (
        68,
        'Bathsheba',
        'Joskowicz',
        'Hinsch',
        'bhinsch1v@hc360.com'
    );
insert into user (userID, firstName, middleName, lastName, email)
values (
        69,
        'Filbert',
        'Ruoff',
        'Berthel',
        'fberthel1w@thetimes.co.uk'
    );
insert into user (userID, firstName, middleName, lastName, email)
values (
        70,
        'Leisha',
        'Nel',
        'Brussels',
        'lbrussels1x@zimbio.com'
    );
insert into user (userID, firstName, middleName, lastName, email)
values (
        71,
        'Marie-ann',
        'Aronin',
        'Grandisson',
        'mgrandisson1y@icio.us'
    );
insert into user (userID, firstName, middleName, lastName, email)
values (
        72,
        'Jacynth',
        'Jennemann',
        'Callister',
        'jcallister1z@joomla.org'
    );
insert into user (userID, firstName, middleName, lastName, email)
values (
        73,
        'Elysee',
        'Tym',
        'Annis',
        'eannis20@tinyurl.com'
    );
insert into user (userID, firstName, middleName, lastName, email)
values (
        74,
        'Kara',
        'Hembrow',
        'Davidman',
        'kdavidman21@bizjournals.com'
    );
insert into user (userID, firstName, middleName, lastName, email)
values (
        75,
        'Devonne',
        'Hargraves',
        'Roseveare',
        'droseveare22@hugedomains.com'
    );
insert into user (userID, firstName, middleName, lastName, email)
values (
        76,
        'Drud',
        'O''Shevlin',
        'Soppitt',
        'dsoppitt23@usgs.gov'
    );
insert into user (userID, firstName, middleName, lastName, email)
values (
        77,
        'Rina',
        'Russam',
        'Maplethorpe',
        'rmaplethorpe24@shutterfly.com'
    );
insert into user (userID, firstName, middleName, lastName, email)
values (
        78,
        'Stefanie',
        'Scales',
        'Standbridge',
        'sstandbridge25@washingtonpost.com'
    );
insert into user (userID, firstName, middleName, lastName, email)
values (
        79,
        'Timotheus',
        'Britch',
        'Fearnside',
        'tfearnside26@w3.org'
    );
insert into user (userID, firstName, middleName, lastName, email)
values (
        80,
        'Hallie',
        'Heady',
        'Frame',
        'hframe27@state.gov'
    );
insert into user (userID, firstName, middleName, lastName, email)
values (
        81,
        'Bernard',
        'Yedy',
        'Lumber',
        'blumber28@liveinternet.ru'
    );
insert into user (userID, firstName, middleName, lastName, email)
values (
        82,
        'Mozelle',
        'Kegg',
        'Hawkshaw',
        'mhawkshaw29@china.com.cn'
    );
insert into user (userID, firstName, middleName, lastName, email)
values (
        83,
        'Cicely',
        'Winship',
        'Jenking',
        'cjenking2a@bloglines.com'
    );
insert into user (userID, firstName, middleName, lastName, email)
values (
        84,
        'Darill',
        'Daggett',
        'Croasdale',
        'dcroasdale2b@twitpic.com'
    );
insert into user (userID, firstName, middleName, lastName, email)
values (
        85,
        'Sinclair',
        'Rings',
        'Broxup',
        'sbroxup2c@google.com.au'
    );
insert into user (userID, firstName, middleName, lastName, email)
values (
        86,
        'Elissa',
        'Bath',
        'Gove',
        'egove2d@bravesites.com'
    );
insert into user (userID, firstName, middleName, lastName, email)
values (
        87,
        'Alvina',
        'Gallyhaock',
        'Ondrousek',
        'aondrousek2e@engadget.com'
    );
insert into user (userID, firstName, middleName, lastName, email)
values (
        88,
        'Luce',
        'Laundon',
        'Swadden',
        'lswadden2f@jalbum.net'
    );
insert into user (userID, firstName, middleName, lastName, email)
values (
        89,
        'Manya',
        'MacAskill',
        'Pennell',
        'mpennell2g@drupal.org'
    );
insert into user (userID, firstName, middleName, lastName, email)
values (
        90,
        'Sergei',
        'Niese',
        'Shotboult',
        'sshotboult2h@youku.com'
    );
insert into user (userID, firstName, middleName, lastName, email)
values (
        91,
        'Sibylle',
        'MacDearmid',
        'Benediktsson',
        'sbenediktsson2i@forbes.com'
    );
insert into user (userID, firstName, middleName, lastName, email)
values (
        92,
        'Lovell',
        'Marking',
        'Stannislawski',
        'lstannislawski2j@biglobe.ne.jp'
    );
insert into user (userID, firstName, middleName, lastName, email)
values (
        93,
        'Lonee',
        'Joire',
        'Blakemore',
        'lblakemore2k@apache.org'
    );
insert into user (userID, firstName, middleName, lastName, email)
values (
        94,
        'Cecilla',
        'Lickorish',
        'Doxey',
        'cdoxey2l@over-blog.com'
    );
insert into user (userID, firstName, middleName, lastName, email)
values (
        95,
        'Ban',
        'Purslow',
        'Wapplington',
        'bwapplington2m@xinhuanet.com'
    );
insert into user (userID, firstName, middleName, lastName, email)
values (
        96,
        'Jobey',
        'Ovanesian',
        'Malcolm',
        'jmalcolm2n@gizmodo.com'
    );
insert into user (userID, firstName, middleName, lastName, email)
values (
        97,
        'Eliot',
        'Ewbanche',
        'Lamputt',
        'elamputt2o@ed.gov'
    );
insert into user (userID, firstName, middleName, lastName, email)
values (
        98,
        'Carmon',
        'Royson',
        'Crasford',
        'ccrasford2p@themeforest.net'
    );
insert into user (userID, firstName, middleName, lastName, email)
values (
        99,
        'Anni',
        'Daine',
        'Perle',
        'aperle2q@studiopress.com'
    );
insert into user (userID, firstName, middleName, lastName, email)
values (
        100,
        'Rhianna',
        'Lockhurst',
        'Karchowski',
        'rkarchowski2r@goo.ne.jp'
    );
insert into user (userID, firstName, middleName, lastName, email)
values (
        101,
        'Ebonee',
        'Minigo',
        'Stalman',
        'estalman2s@plala.or.jp'
    );
insert into user (userID, firstName, middleName, lastName, email)
values (
        102,
        'Deonne',
        'Currer',
        'Molohan',
        'dmolohan2t@xrea.com'
    );
insert into user (userID, firstName, middleName, lastName, email)
values (
        103,
        'Flossy',
        'Dregan',
        'Bernhardsson',
        'fbernhardsson2u@xinhuanet.com'
    );
insert into user (userID, firstName, middleName, lastName, email)
values (
        104,
        'Abby',
        'Gregorace',
        'Dunnico',
        'adunnico2v@dailymotion.com'
    );
insert into user (userID, firstName, middleName, lastName, email)
values (
        105,
        'Archaimbaud',
        'Lux',
        'Lorincz',
        'alorincz2w@chronoengine.com'
    );
insert into user (userID, firstName, middleName, lastName, email)
values (
        106,
        'Nathalie',
        'Skurray',
        'Body',
        'nbody2x@stumbleupon.com'
    );
insert into user (userID, firstName, middleName, lastName, email)
values (
        107,
        'Felicity',
        'Tripean',
        'Kinahan',
        'fkinahan2y@toplist.cz'
    );
insert into user (userID, firstName, middleName, lastName, email)
values (
        108,
        'Salvatore',
        'Sweynson',
        'Tolliday',
        'stolliday2z@360.cn'
    );
insert into user (userID, firstName, middleName, lastName, email)
values (
        109,
        'Fionna',
        'Kale',
        'Excell',
        'fexcell30@unicef.org'
    );
insert into user (userID, firstName, middleName, lastName, email)
values (
        110,
        'Obidiah',
        'Ormshaw',
        'Blees',
        'oblees31@japanpost.jp'
    );
insert into user (userID, firstName, middleName, lastName, email)
values (
        111,
        'Dwight',
        'Danzey',
        'Coleby',
        'dcoleby32@yahoo.co.jp'
    );
insert into user (userID, firstName, middleName, lastName, email)
values (
        112,
        'Dael',
        'Ormistone',
        'Quakley',
        'dquakley33@cmu.edu'
    );
insert into user (userID, firstName, middleName, lastName, email)
values (
        113,
        'Kristy',
        'Shepherd',
        'Kell',
        'kkell34@oracle.com'
    );
insert into user (userID, firstName, middleName, lastName, email)
values (
        114,
        'Radcliffe',
        'Palfreeman',
        'Mathen',
        'rmathen35@goo.gl'
    );
insert into user (userID, firstName, middleName, lastName, email)
values (
        115,
        'Rae',
        'Scopyn',
        'Cheater',
        'rcheater36@desdev.cn'
    );
insert into user (userID, firstName, middleName, lastName, email)
values (
        116,
        'Pacorro',
        'Kensit',
        'Ockenden',
        'pockenden37@jugem.jp'
    );
insert into user (userID, firstName, middleName, lastName, email)
values (
        117,
        'Vina',
        'Kynaston',
        'Banke',
        'vbanke38@posterous.com'
    );
insert into user (userID, firstName, middleName, lastName, email)
values (
        118,
        'Mariann',
        'Crowcum',
        'Biscomb',
        'mbiscomb39@pinterest.com'
    );
insert into user (userID, firstName, middleName, lastName, email)
values (
        119,
        'Lauralee',
        'World',
        'Spon',
        'lspon3a@vistaprint.com'
    );
insert into user (userID, firstName, middleName, lastName, email)
values (
        120,
        'Ada',
        'Zotto',
        'Lodewick',
        'alodewick3b@cnet.com'
    );
insert into user (userID, firstName, middleName, lastName, email)
values (
        121,
        'Helena',
        'Linnane',
        'Poundford',
        'hpoundford3c@vimeo.com'
    );
insert into user (userID, firstName, middleName, lastName, email)
values (
        122,
        'Lonny',
        'Carwithen',
        'Sydney',
        'lsydney3d@unesco.org'
    );
insert into user (userID, firstName, middleName, lastName, email)
values (
        123,
        'Jason',
        'Davern',
        'Papa',
        'jpapa3e@narod.ru'
    );
insert into user (userID, firstName, middleName, lastName, email)
values (
        124,
        'Salomi',
        'Cantor',
        'Boorne',
        'sboorne3f@imgur.com'
    );
insert into user (userID, firstName, middleName, lastName, email)
values (
        125,
        'Chen',
        'Soldner',
        'Omand',
        'comand3g@merriam-webster.com'
    );
insert into user (userID, firstName, middleName, lastName, email)
values (
        126,
        'Freddi',
        'Minifie',
        'Kibblewhite',
        'fkibblewhite3h@baidu.com'
    );
insert into user (userID, firstName, middleName, lastName, email)
values (
        127,
        'Gualterio',
        'De Blasio',
        'Sandwich',
        'gsandwich3i@about.com'
    );
insert into user (userID, firstName, middleName, lastName, email)
values (
        128,
        'Aloin',
        'Woolland',
        'McGinney',
        'amcginney3j@apple.com'
    );
insert into user (userID, firstName, middleName, lastName, email)
values (
        129,
        'Jenni',
        'Moncrieffe',
        'Maps',
        'jmaps3k@senate.gov'
    );
insert into user (userID, firstName, middleName, lastName, email)
values (
        130,
        'Ruperto',
        'Bircher',
        'Pomroy',
        'rpomroy3l@yelp.com'
    );
insert into user (userID, firstName, middleName, lastName, email)
values (
        131,
        'Jephthah',
        'Plumtree',
        'Softley',
        'jsoftley3m@harvard.edu'
    );
insert into user (userID, firstName, middleName, lastName, email)
values (
        132,
        'Sheff',
        'Birchall',
        'Vidineev',
        'svidineev3n@cornell.edu'
    );
insert into user (userID, firstName, middleName, lastName, email)
values (
        133,
        'Demetre',
        'Cranney',
        'Coneron',
        'dconeron3o@flavors.me'
    );
insert into user (userID, firstName, middleName, lastName, email)
values (
        134,
        'Micah',
        'Shemelt',
        'Riatt',
        'mriatt3p@nytimes.com'
    );
insert into user (userID, firstName, middleName, lastName, email)
values (
        135,
        'Elysia',
        'Bendare',
        'Jeanes',
        'ejeanes3q@pagesperso-orange.fr'
    );
insert into user (userID, firstName, middleName, lastName, email)
values (
        136,
        'Carol',
        'Taffarello',
        'MacInherney',
        'cmacinherney3r@dyndns.org'
    );
insert into user (userID, firstName, middleName, lastName, email)
values (
        137,
        'Ingmar',
        'Koene',
        'Ivatts',
        'iivatts3s@guardian.co.uk'
    );
insert into user (userID, firstName, middleName, lastName, email)
values (
        138,
        'Lisabeth',
        'Geeraert',
        'Twelvetrees',
        'ltwelvetrees3t@github.com'
    );
insert into user (userID, firstName, middleName, lastName, email)
values (
        139,
        'Ross',
        'Stopforth',
        'Syce',
        'rsyce3u@ucoz.com'
    );
insert into user (userID, firstName, middleName, lastName, email)
values (
        140,
        'Shantee',
        'Gathwaite',
        'Irce',
        'sirce3v@timesonline.co.uk'
    );
insert into user (userID, firstName, middleName, lastName, email)
values (
        141,
        'Cordy',
        'Dunniom',
        'Caseley',
        'ccaseley3w@a8.net'
    );
insert into user (userID, firstName, middleName, lastName, email)
values (
        142,
        'Adair',
        'Cobleigh',
        'Exon',
        'aexon3x@4shared.com'
    );
insert into user (userID, firstName, middleName, lastName, email)
values (
        143,
        'Algernon',
        'Deerr',
        'Rowles',
        'arowles3y@ezinearticles.com'
    );
insert into user (userID, firstName, middleName, lastName, email)
values (
        144,
        'Brittne',
        'Curling',
        'Tipperton',
        'btipperton3z@trellian.com'
    );
insert into user (userID, firstName, middleName, lastName, email)
values (
        145,
        'Marlow',
        'Shortan',
        'Kloster',
        'mkloster40@sohu.com'
    );
insert into user (userID, firstName, middleName, lastName, email)
values (
        146,
        'Shaylyn',
        'Lund',
        'Livesley',
        'slivesley41@accuweather.com'
    );
insert into user (userID, firstName, middleName, lastName, email)
values (
        147,
        'Katinka',
        'Haston',
        'Flott',
        'kflott42@discovery.com'
    );
insert into user (userID, firstName, middleName, lastName, email)
values (
        148,
        'Ernestine',
        'Spoors',
        'Poznanski',
        'epoznanski43@irs.gov'
    );
insert into user (userID, firstName, middleName, lastName, email)
values (
        149,
        'Ruy',
        'Fransoni',
        'Meekins',
        'rmeekins44@people.com.cn'
    );
insert into user (userID, firstName, middleName, lastName, email)
values (
        150,
        'Esme',
        'Ferrulli',
        'Curuclis',
        'ecuruclis45@microsoft.com'
    );
insert into organizer (userID, affiliation)
values (141, 'Texas Instruments');
insert into organizer (userID, affiliation)
values (142, 'Professor Sridhar Alagar');
insert into organizer (userID, affiliation)
values (143, 'L3Harris');
insert into organizer (userID, affiliation)
values (144, 'Apple');
insert into organizer (userID, affiliation)
values (145, 'UT Dallas');
insert into organizer (userID, affiliation)
values (146, 'CVS Pharmacy');
insert into organizer (userID, affiliation)
values (147, 'Walgreens');
insert into organizer (userID, affiliation)
values (148, 'Tesla');
insert into organizer (userID, affiliation)
values (149, 'Jonson Controls');
insert into organizer (userID, affiliation)
values (150, 'Dr. Becker');
insert into Project (
        projectID,
        userID,
        avatar,
        sponsor,
        description,
        projectName,
        teamSize,
        maxTeams,
        team_assigned
    )
values (
        1,
        141,
        '/profile.png',
        'Texas Instruments',
        'Join the ECE Team in developing a functional Wi-SUN Host Application on TI MSP 432 communicating over TI CC 13xx',
        'Smart City Host Application over Wi-SUN-2',
        5,
        5,
        'Open'
    );
insert into Project (
        projectID,
        userID,
        avatar,
        sponsor,
        description,
        projectName,
        teamSize,
        maxTeams,
        team_assigned
    )
values (
        2,
        142,
        '/profile.png',
        'Professor Sridhar Alagar',
        'Create a website for future ECS students, utilizing many different skillsets with the potential for its practical use!',
        'Team-Sign-Up!',
        5,
        5,
        'Team 12'
    );
insert into Project (
        projectID,
        userID,
        avatar,
        sponsor,
        description,
        projectName,
        teamSize,
        maxTeams,
        team_assigned
    )
values (
        3,
        143,
        '/profile.png',
        'L3Harris',
        'Join our company in developing a traditional DSP to create spectrograms that visualize signals, and characterize how well ML and MV can identify signals',
        'AI-ML-Driven RF Pulse Detection',
        4,
        6,
        'Open'
    );
insert into Project (
        projectID,
        userID,
        avatar,
        sponsor,
        description,
        projectName,
        teamSize,
        maxTeams,
        team_assigned
    )
values (
        4,
        144,
        '/profile.png',
        'Apple',
        'Join our company in developing a traditional DSP to create spectrograms that visualize signals, and characterize how well ML and MV can identify signals',
        'Apple Project',
        4,
        6,
        'Open'
    );
insert into Project (
        projectID,
        userID,
        avatar,
        sponsor,
        description,
        projectName,
        teamSize,
        maxTeams,
        team_assigned
    )
values (
        5,
        145,
        '/profile.png',
        'UT Dallas',
        'Join UTD in improving the academic experience!',
        'UT Dallas eLearning Additions',
        4,
        6,
        'Open'
    );
insert into Project (
        projectID,
        userID,
        avatar,
        sponsor,
        description,
        projectName,
        teamSize,
        maxTeams,
        team_assigned
    )
values (
        6,
        146,
        '/profile.png',
        'CVS Pharmacy',
        'Join CVS to work on a CS solution!',
        'CVS Boat Racing',
        4,
        6,
        'Open'
    );
insert into Project (
        projectID,
        userID,
        avatar,
        sponsor,
        description,
        projectName,
        teamSize,
        maxTeams,
        team_assigned
    )
values (
        7,
        147,
        '/profile.png',
        'Walgreens',
        'See how to identify drug using AI-ML procedures',
        'Drug Identification System',
        4,
        6,
        'Open'
    );
insert into Project (
        projectID,
        userID,
        avatar,
        sponsor,
        description,
        projectName,
        teamSize,
        maxTeams,
        team_assigned
    )
values (
        8,
        148,
        '/profile.png',
        'Tesla',
        'Join Tesla in creating a module for a car',
        'Tesla Self Driving Enhancements',
        4,
        6,
        'Open'
    );
insert into Project (
        projectID,
        userID,
        avatar,
        sponsor,
        description,
        projectName,
        teamSize,
        maxTeams,
        team_assigned
    )
values (
        9,
        149,
        '/profile.png',
        'Jonson Controls',
        'Create a dynamic air conditioner!',
        'Dynamic Air Conditioning System',
        4,
        6,
        'Open'
    );
insert into Project (
        projectID,
        userID,
        avatar,
        sponsor,
        description,
        projectName,
        teamSize,
        maxTeams,
        team_assigned
    )
values (
        10,
        150,
        '/profile.png',
        'Dr. Becker',
        'Dr. Beckers Project for Software/Software',
        'Software/Software Project for Becker',
        4,
        6,
        'Open'
    );
insert into Team (teamID, projectID)
values (1, null);
insert into Team (teamID, projectID)
values (2, null);
insert into Team (teamID, projectID)
values (3, 3);
insert into Team (teamID, projectID)
values (4, null);
insert into student (
        userID,
        phoneNumber,
        email,
        discord,
        groupme,
        instagram
    )
values (
        3,
        '699-142-8810',
        'ddutton2@cam.ac.uk',
        'llassey2',
        'eburthom2',
        'mgrave2'
    );
insert into student (
        userID,
        phoneNumber,
        email,
        discord,
        groupme,
        instagram
    )
values (
        4,
        '923-747-9922',
        'ilyptratt3@who.int',
        'byakuntzov3',
        'cpenkman3',
        'iharrop3'
    );
insert into student (
        userID,
        phoneNumber,
        email,
        discord,
        groupme,
        instagram
    )
values (
        5,
        '294-684-3856',
        'fjanas4@cargocollective.com',
        'iaxford4',
        'fdana4',
        'bstewart4'
    );
insert into student (
        userID,
        phoneNumber,
        email,
        discord,
        groupme,
        instagram
    )
values (
        6,
        '709-937-7734',
        'heynald5@xrea.com',
        'sgillbard5',
        'lsayton5',
        'dsuttaby5'
    );
insert into student (
        userID,
        phoneNumber,
        email,
        discord,
        groupme,
        instagram
    )
values (
        7,
        '705-443-0946',
        'lkondratowicz6@earthlink.net',
        'dpeegrem6',
        'vpennings6',
        'eskews6'
    );
insert into student (
        userID,
        phoneNumber,
        email,
        discord,
        groupme,
        instagram
    )
values (
        8,
        '192-254-0808',
        'pbotcherby7@wisc.edu',
        'pmournian7',
        'sseamon7',
        'lverty7'
    );
insert into student (
        userID,
        phoneNumber,
        email,
        discord,
        groupme,
        instagram
    )
values (
        9,
        '157-886-3818',
        'palabaster8@blinklist.com',
        'hmurr8',
        'cwoollcott8',
        'cpersey8'
    );
insert into student (
        userID,
        phoneNumber,
        email,
        discord,
        groupme,
        instagram
    )
values (
        10,
        '989-123-2757',
        'smyrick9@amazon.com',
        'pcracoe9',
        'fredmille9',
        'moldrey9'
    );
insert into student (
        userID,
        phoneNumber,
        email,
        discord,
        groupme,
        instagram
    )
values (
        11,
        '199-305-3981',
        'tpinora@com.com',
        'einga',
        'gjanuszkiewicza',
        'gallreda'
    );
insert into student (
        userID,
        phoneNumber,
        email,
        discord,
        groupme,
        instagram
    )
values (
        12,
        '789-787-7103',
        'rleadbetterb@furl.net',
        'dfellosb',
        'asteynorb',
        'cdumphyb'
    );
insert into student (
        userID,
        phoneNumber,
        email,
        discord,
        groupme,
        instagram
    )
values (
        13,
        '483-534-8880',
        'abaistowc@twitpic.com',
        'aoreganc',
        'jerettc',
        'twrayc'
    );
insert into student (
        userID,
        phoneNumber,
        email,
        discord,
        groupme,
        instagram
    )
values (
        14,
        '443-316-6575',
        'mdopplerd@springer.com',
        'emenziesd',
        'dwantd',
        'jcathersidesd'
    );
insert into student (
        userID,
        phoneNumber,
        email,
        discord,
        groupme,
        instagram
    )
values (
        15,
        '434-928-5427',
        'bfrangletone@nymag.com',
        'mnevee',
        'lpaleye',
        'epetre'
    );
insert into student (
        userID,
        phoneNumber,
        email,
        discord,
        groupme,
        instagram
    )
values (
        16,
        '600-638-9499',
        'dmactrustrief@youtube.com',
        'sdiggf',
        'handriessenf',
        'bkeenf'
    );
insert into student (
        userID,
        phoneNumber,
        email,
        discord,
        groupme,
        instagram
    )
values (
        17,
        '170-490-3328',
        'fflorig@addthis.com',
        'blequesneg',
        'tmerringtong',
        'cgorussog'
    );
insert into student (
        userID,
        phoneNumber,
        email,
        discord,
        groupme,
        instagram
    )
values (
        18,
        '462-734-8921',
        'sshouth@alexa.com',
        'terbainh',
        'hmcgheeh',
        'egreystokeh'
    );
insert into student (
        userID,
        phoneNumber,
        email,
        discord,
        groupme,
        instagram
    )
values (
        19,
        '875-892-9329',
        'wdalglieshi@amazon.co.jp',
        'bbuxtoni',
        'sweymani',
        'bsimkoi'
    );
insert into student (
        userID,
        phoneNumber,
        email,
        discord,
        groupme,
        instagram
    )
values (
        20,
        '889-828-1098',
        'naytoj@nbcnews.com',
        'nnastj',
        'mnorthernj',
        'glattkaj'
    );
insert into student (
        userID,
        phoneNumber,
        email,
        discord,
        groupme,
        instagram
    )
values (
        21,
        '268-812-6422',
        'rdrancek@mediafire.com',
        'mmaphamk',
        'dbocockk',
        'sfoxenk'
    );
insert into student (
        userID,
        phoneNumber,
        email,
        discord,
        groupme,
        instagram
    )
values (
        22,
        '674-486-6799',
        'centresl@yahoo.co.jp',
        'gjahnkel',
        'hbennsl',
        'nbocklerl'
    );
insert into student (
        userID,
        phoneNumber,
        email,
        discord,
        groupme,
        instagram
    )
values (
        23,
        '197-115-4841',
        'jcolnettm@icq.com',
        'dharmesm',
        'gclaypoolem',
        'jmanilom'
    );
insert into student (
        userID,
        phoneNumber,
        email,
        discord,
        groupme,
        instagram
    )
values (
        24,
        '787-116-1631',
        'spetworthn@edublogs.org',
        'bswantonn',
        'rcasacchian',
        'zgotthardsfn'
    );
insert into student (
        userID,
        phoneNumber,
        email,
        discord,
        groupme,
        instagram
    )
values (
        25,
        '667-728-1450',
        'lcovinoo@wikimedia.org',
        'bschankelborgo',
        'elillecropo',
        'nseabrookeo'
    );
insert into student (
        userID,
        phoneNumber,
        email,
        discord,
        groupme,
        instagram
    )
values (
        26,
        '712-792-4233',
        'mvannarp@redcross.org',
        'eklugelp',
        'taitchisonp',
        'ajordinep'
    );
insert into student (
        userID,
        phoneNumber,
        email,
        discord,
        groupme,
        instagram
    )
values (
        27,
        '655-444-6218',
        'jwhichelowq@parallels.com',
        'jaddyq',
        'edublinq',
        'smintoffq'
    );
insert into student (
        userID,
        phoneNumber,
        email,
        discord,
        groupme,
        instagram
    )
values (
        28,
        '740-492-2746',
        'fadaminir@whitehouse.gov',
        'abransdonr',
        'deayresr',
        'hsankeyr'
    );
insert into student (
        userID,
        phoneNumber,
        email,
        discord,
        groupme,
        instagram
    )
values (
        29,
        '338-121-0746',
        'amossmans@smugmug.com',
        'bitzcaks',
        'sgoulborns',
        'cskocrofts'
    );
insert into student (
        userID,
        phoneNumber,
        email,
        discord,
        groupme,
        instagram
    )
values (
        30,
        '781-439-4572',
        'kstretet@foxnews.com',
        'awaint',
        'lmellowst',
        'rcleifet'
    );
insert into student (
        userID,
        phoneNumber,
        email,
        discord,
        groupme,
        instagram
    )
values (
        31,
        '687-900-5139',
        'kdomeu@epa.gov',
        'apeckhamu',
        'ldargieu',
        'lcossamu'
    );
insert into student (
        userID,
        phoneNumber,
        email,
        discord,
        groupme,
        instagram
    )
values (
        32,
        '465-228-1375',
        'ccornockv@telegraph.co.uk',
        'bwarcopv',
        'cgaylev',
        'astreetsv'
    );
insert into student (
        userID,
        phoneNumber,
        email,
        discord,
        groupme,
        instagram
    )
values (
        33,
        '298-203-9694',
        'amacscheriew@mit.edu',
        'toflahertyw',
        'parmatagew',
        'scolacow'
    );
insert into student (
        userID,
        phoneNumber,
        email,
        discord,
        groupme,
        instagram
    )
values (
        34,
        '104-504-5079',
        'pwillshearx@nasa.gov',
        'liblex',
        'rtadgellx',
        'sbuttwellx'
    );
insert into student (
        userID,
        phoneNumber,
        email,
        discord,
        groupme,
        instagram
    )
values (
        35,
        '514-884-1865',
        'vcrutchery@angelfire.com',
        'nbatcheldory',
        'fjobey',
        'kstobarty'
    );
insert into student (
        userID,
        phoneNumber,
        email,
        discord,
        groupme,
        instagram
    )
values (
        36,
        '676-789-4791',
        'dfrailz@ustream.tv',
        'mboorerz',
        'aburgnez',
        'bcollacombez'
    );
insert into student (
        userID,
        phoneNumber,
        email,
        discord,
        groupme,
        instagram
    )
values (
        37,
        '915-724-0475',
        'ametheringham10@de.vu',
        'cmaingot10',
        'mminto10',
        'bchaudron10'
    );
insert into student (
        userID,
        phoneNumber,
        email,
        discord,
        groupme,
        instagram
    )
values (
        38,
        '112-606-1042',
        'sjolin11@loc.gov',
        'hlidgey11',
        'kdunsmuir11',
        'gcalf11'
    );
insert into student (
        userID,
        phoneNumber,
        email,
        discord,
        groupme,
        instagram
    )
values (
        39,
        '499-288-2811',
        'kgounard12@mayoclinic.com',
        'kspaldin12',
        'mloachhead12',
        'ldono12'
    );
insert into student (
        userID,
        phoneNumber,
        email,
        discord,
        groupme,
        instagram
    )
values (
        40,
        '920-803-0173',
        'yneeves13@ustream.tv',
        'lbradtke13',
        'hrosenau13',
        'vprin13'
    );
insert into student (
        userID,
        phoneNumber,
        email,
        discord,
        groupme,
        instagram
    )
values (
        41,
        '331-900-5532',
        'gwhitmell14@wikia.com',
        'bchessell14',
        'brodliff14',
        'khullbrook14'
    );
insert into student (
        userID,
        phoneNumber,
        email,
        discord,
        groupme,
        instagram
    )
values (
        42,
        '962-551-7029',
        'lorbine15@mit.edu',
        'fjosephoff15',
        'bgrunbaum15',
        'abirkby15'
    );
insert into student (
        userID,
        phoneNumber,
        email,
        discord,
        groupme,
        instagram
    )
values (
        43,
        '358-963-8439',
        'ddwane16@wiley.com',
        'cportam16',
        'dsmallshaw16',
        'tcraske16'
    );
insert into student (
        userID,
        phoneNumber,
        email,
        discord,
        groupme,
        instagram
    )
values (
        44,
        '843-490-5648',
        'gschurcke17@japanpost.jp',
        'llow17',
        'ebettleson17',
        'nwarmisham17'
    );
insert into student (
        userID,
        phoneNumber,
        email,
        discord,
        groupme,
        instagram
    )
values (
        45,
        '496-768-2982',
        'mcampaigne18@ted.com',
        'mstrewthers18',
        'sbeetlestone18',
        'tmellmoth18'
    );
insert into student (
        userID,
        phoneNumber,
        email,
        discord,
        groupme,
        instagram
    )
values (
        46,
        '203-796-9882',
        'jmachoste19@histats.com',
        'nbroomfield19',
        'gduell19',
        'hdeatta19'
    );
insert into student (
        userID,
        phoneNumber,
        email,
        discord,
        groupme,
        instagram
    )
values (
        47,
        '460-572-0400',
        'kgeistbeck1a@constantcontact.com',
        'sreichardt1a',
        'dslate1a',
        'mbatistelli1a'
    );
insert into student (
        userID,
        phoneNumber,
        email,
        discord,
        groupme,
        instagram
    )
values (
        48,
        '994-250-4052',
        'estare1b@hubpages.com',
        'gspeaks1b',
        'cmacgaffey1b',
        'jlorkin1b'
    );
insert into student (
        userID,
        phoneNumber,
        email,
        discord,
        groupme,
        instagram
    )
values (
        49,
        '801-292-5377',
        'rion1c@tiny.cc',
        'ncaldero1c',
        'hpetrolli1c',
        'apurselow1c'
    );
insert into student (
        userID,
        phoneNumber,
        email,
        discord,
        groupme,
        instagram
    )
values (
        50,
        '940-452-5595',
        'etelford1d@sciencedirect.com',
        'dwhapples1d',
        'rshirrell1d',
        'dchadney1d'
    );
insert into student (
        userID,
        phoneNumber,
        email,
        discord,
        groupme,
        instagram
    )
values (
        51,
        '296-105-8058',
        'jmcmurray1e@plala.or.jp',
        'jclatworthy1e',
        'rgrabbam1e',
        'bhuffadine1e'
    );
insert into student (
        userID,
        phoneNumber,
        email,
        discord,
        groupme,
        instagram
    )
values (
        52,
        '782-359-2687',
        'jkorejs1f@arizona.edu',
        'ngoodchild1f',
        'kconry1f',
        'jkernermann1f'
    );
insert into student (
        userID,
        phoneNumber,
        email,
        discord,
        groupme,
        instagram
    )
values (
        53,
        '396-743-5044',
        'tcherryholme1g@google.com.au',
        'rjeenes1g',
        'oeslemont1g',
        'hgaffer1g'
    );
insert into student (
        userID,
        phoneNumber,
        email,
        discord,
        groupme,
        instagram
    )
values (
        54,
        '227-428-7321',
        'jrawsthorn1h@youku.com',
        'tdeller1h',
        'mgrog1h',
        'mgrandisson1h'
    );
insert into student (
        userID,
        phoneNumber,
        email,
        discord,
        groupme,
        instagram
    )
values (
        55,
        '637-293-7359',
        'acharon1i@mlb.com',
        'cmacsharry1i',
        'eskuse1i',
        'fholt1i'
    );
insert into student (
        userID,
        phoneNumber,
        email,
        discord,
        groupme,
        instagram
    )
values (
        56,
        '962-426-8243',
        'afendlen1j@mozilla.com',
        'ghembry1j',
        'hspens1j',
        'soliphand1j'
    );
insert into student (
        userID,
        phoneNumber,
        email,
        discord,
        groupme,
        instagram
    )
values (
        57,
        '446-549-6432',
        'tmathey1k@ycombinator.com',
        'gwalford1k',
        'mrenvoise1k',
        'jcastree1k'
    );
insert into student (
        userID,
        phoneNumber,
        email,
        discord,
        groupme,
        instagram
    )
values (
        58,
        '708-881-7900',
        'bkingwell1l@ucoz.ru',
        'pglowacha1l',
        'awilloway1l',
        'fdannohl1l'
    );
insert into student (
        userID,
        phoneNumber,
        email,
        discord,
        groupme,
        instagram
    )
values (
        59,
        '286-258-3241',
        'shannon1m@va.gov',
        'swickersham1m',
        'llempke1m',
        'abortolutti1m'
    );
insert into student (
        userID,
        phoneNumber,
        email,
        discord,
        groupme,
        instagram
    )
values (
        60,
        '763-419-3870',
        'cmacourek1n@cornell.edu',
        'cchamberlain1n',
        'ftrynor1n',
        'athorpe1n'
    );
insert into student (
        userID,
        phoneNumber,
        email,
        discord,
        groupme,
        instagram
    )
values (
        61,
        '177-619-6389',
        'mdecristoforo1o@histats.com',
        'bmuzzi1o',
        'bsummerhayes1o',
        'grunham1o'
    );
insert into student (
        userID,
        phoneNumber,
        email,
        discord,
        groupme,
        instagram
    )
values (
        62,
        '259-406-1943',
        'lcrawshaw1p@cbc.ca',
        'eomeara1p',
        'ptompkiss1p',
        'slafay1p'
    );
insert into student (
        userID,
        phoneNumber,
        email,
        discord,
        groupme,
        instagram
    )
values (
        63,
        '736-558-1248',
        'larderne1q@comcast.net',
        'togilvy1q',
        'inannetti1q',
        'cpadley1q'
    );
insert into student (
        userID,
        phoneNumber,
        email,
        discord,
        groupme,
        instagram
    )
values (
        64,
        '618-421-0746',
        'mbasilotta1r@latimes.com',
        'dlavigne1r',
        'flief1r',
        'gottewell1r'
    );
insert into student (
        userID,
        phoneNumber,
        email,
        discord,
        groupme,
        instagram
    )
values (
        65,
        '348-390-3046',
        'nalbutt1s@mac.com',
        'treith1s',
        'acaizley1s',
        'fmcclay1s'
    );
insert into student (
        userID,
        phoneNumber,
        email,
        discord,
        groupme,
        instagram
    )
values (
        66,
        '458-349-4075',
        'vodunniom1t@csmonitor.com',
        'butteridge1t',
        'mhouson1t',
        'cpoate1t'
    );
insert into student (
        userID,
        phoneNumber,
        email,
        discord,
        groupme,
        instagram
    )
values (
        67,
        '410-556-3212',
        'grelton1u@skype.com',
        'sdunston1u',
        'klacroutz1u',
        'vallabush1u'
    );
insert into student (
        userID,
        phoneNumber,
        email,
        discord,
        groupme,
        instagram
    )
values (
        68,
        '470-595-6074',
        'sgislebert1v@usda.gov',
        'hspirritt1v',
        'cgowing1v',
        'wpargeter1v'
    );
insert into student (
        userID,
        phoneNumber,
        email,
        discord,
        groupme,
        instagram
    )
values (
        69,
        '682-230-0913',
        'acranmore1w@whitehouse.gov',
        'rfinan1w',
        'igrisdale1w',
        'lpickton1w'
    );
insert into student (
        userID,
        phoneNumber,
        email,
        discord,
        groupme,
        instagram
    )
values (
        70,
        '525-112-5593',
        'kmichelmore1x@webnode.com',
        'rogorman1x',
        'avosper1x',
        'fiacivelli1x'
    );
insert into student (
        userID,
        phoneNumber,
        email,
        discord,
        groupme,
        instagram
    )
values (
        71,
        '360-917-4783',
        'rudy1y@vkontakte.ru',
        'jcobain1y',
        'mlamberth1y',
        'bgrigoliis1y'
    );
insert into student (
        userID,
        phoneNumber,
        email,
        discord,
        groupme,
        instagram
    )
values (
        72,
        '803-287-5175',
        'kmowlam1z@alibaba.com',
        'mtarbatt1z',
        'rgoodliff1z',
        'ncroston1z'
    );
insert into student (
        userID,
        phoneNumber,
        email,
        discord,
        groupme,
        instagram
    )
values (
        73,
        '782-763-3060',
        'jbaird20@pagesperso-orange.fr',
        'ejuliano20',
        'kbrose20',
        'sdulton20'
    );
insert into student (
        userID,
        phoneNumber,
        email,
        discord,
        groupme,
        instagram
    )
values (
        74,
        '920-253-0484',
        'cweldrake21@cnn.com',
        'bpadillo21',
        'graun21',
        'kbasley21'
    );
insert into student (
        userID,
        phoneNumber,
        email,
        discord,
        groupme,
        instagram
    )
values (
        75,
        '807-612-7494',
        'hpattemore22@diigo.com',
        'bledingham22',
        'ltures22',
        'aseaton22'
    );
insert into student (
        userID,
        phoneNumber,
        email,
        discord,
        groupme,
        instagram
    )
values (
        76,
        '344-560-8798',
        'ffeldman23@sciencedaily.com',
        'ihamlet23',
        'ublowick23',
        'sdebruyn23'
    );
insert into student (
        userID,
        phoneNumber,
        email,
        discord,
        groupme,
        instagram
    )
values (
        77,
        '856-107-7548',
        'wdauncey24@ebay.com',
        'dharnetty24',
        'cberceros24',
        'cainsbury24'
    );
insert into student (
        userID,
        phoneNumber,
        email,
        discord,
        groupme,
        instagram
    )
values (
        78,
        '592-738-9071',
        'jcropton25@dagondesign.com',
        'sconti25',
        'jwakefield25',
        'lsergent25'
    );
insert into student (
        userID,
        phoneNumber,
        email,
        discord,
        groupme,
        instagram
    )
values (
        79,
        '135-879-4547',
        'btrigwell26@opera.com',
        'mdelgua26',
        'sbray26',
        'nkilfether26'
    );
insert into student (
        userID,
        phoneNumber,
        email,
        discord,
        groupme,
        instagram
    )
values (
        80,
        '756-350-3649',
        'lgoodday27@yahoo.co.jp',
        'lschaumann27',
        'abiffin27',
        'ktwidle27'
    );
insert into student (
        userID,
        phoneNumber,
        email,
        discord,
        groupme,
        instagram
    )
values (
        81,
        '188-147-0539',
        'etremellan28@sphinn.com',
        'bharlett28',
        'shuburn28',
        'lhundley28'
    );
insert into student (
        userID,
        phoneNumber,
        email,
        discord,
        groupme,
        instagram
    )
values (
        82,
        '922-936-9178',
        'rtollemache29@xrea.com',
        'tlassen29',
        'hrobben29',
        'temptage29'
    );
insert into student (
        userID,
        phoneNumber,
        email,
        discord,
        groupme,
        instagram
    )
values (
        83,
        '733-185-8238',
        'ktott2a@china.com.cn',
        'tfyfe2a',
        'oocorr2a',
        'jmichelet2a'
    );
insert into student (
        userID,
        phoneNumber,
        email,
        discord,
        groupme,
        instagram
    )
values (
        84,
        '760-256-3067',
        'rlebrun2b@ucoz.ru',
        'nlearoid2b',
        'splacide2b',
        'jbirbeck2b'
    );
insert into student (
        userID,
        phoneNumber,
        email,
        discord,
        groupme,
        instagram
    )
values (
        85,
        '124-434-7158',
        'ckinnon2c@cafepress.com',
        'cvanni2c',
        'dgobel2c',
        'bdungey2c'
    );
insert into student (
        userID,
        phoneNumber,
        email,
        discord,
        groupme,
        instagram
    )
values (
        86,
        '772-394-0565',
        'jborrott2d@tripod.com',
        'wantognelli2d',
        'thanbury2d',
        'cvarlow2d'
    );
insert into student (
        userID,
        phoneNumber,
        email,
        discord,
        groupme,
        instagram
    )
values (
        87,
        '164-362-8668',
        'hbritton2e@livejournal.com',
        'tklaves2e',
        'vsydry2e',
        'dferriby2e'
    );
insert into student (
        userID,
        phoneNumber,
        email,
        discord,
        groupme,
        instagram
    )
values (
        88,
        '582-941-5294',
        'msexstone2f@ca.gov',
        'bdavenall2f',
        'chayland2f',
        'covenden2f'
    );
insert into student (
        userID,
        phoneNumber,
        email,
        discord,
        groupme,
        instagram
    )
values (
        89,
        '665-842-7528',
        'lkilloran2g@tmall.com',
        'mrealy2g',
        'alamperti2g',
        'tmcgillicuddy2g'
    );
insert into student (
        userID,
        phoneNumber,
        email,
        discord,
        groupme,
        instagram
    )
values (
        90,
        '913-215-3650',
        'ematevushev2h@odnoklassniki.ru',
        'jkirkwood2h',
        'ccosins2h',
        'kcowmeadow2h'
    );
insert into student (
        userID,
        phoneNumber,
        email,
        discord,
        groupme,
        instagram
    )
values (
        91,
        '706-102-8299',
        'mgrioli2i@msu.edu',
        'binsworth2i',
        'rgodden2i',
        'vdobbing2i'
    );
insert into student (
        userID,
        phoneNumber,
        email,
        discord,
        groupme,
        instagram
    )
values (
        92,
        '827-777-9574',
        'acraydon2j@ucla.edu',
        'rmerrikin2j',
        'afairnie2j',
        'astoving2j'
    );
insert into student (
        userID,
        phoneNumber,
        email,
        discord,
        groupme,
        instagram
    )
values (
        93,
        '952-757-2022',
        'tfernan2k@google.ru',
        'adohr2k',
        'icaldero2k',
        'egoldring2k'
    );
insert into student (
        userID,
        phoneNumber,
        email,
        discord,
        groupme,
        instagram
    )
values (
        94,
        '513-869-1490',
        'bhanford2l@sakura.ne.jp',
        'aovitts2l',
        'apearde2l',
        'dmcgeorge2l'
    );
insert into student (
        userID,
        phoneNumber,
        email,
        discord,
        groupme,
        instagram
    )
values (
        95,
        '533-809-0701',
        'dhanley2m@miibeian.gov.cn',
        'mcooley2m',
        'dgillingwater2m',
        'rpellingar2m'
    );
insert into student (
        userID,
        phoneNumber,
        email,
        discord,
        groupme,
        instagram
    )
values (
        96,
        '822-224-8593',
        'cpierce2n@vistaprint.com',
        'awyldes2n',
        'gkegan2n',
        'wbowra2n'
    );
insert into student (
        userID,
        phoneNumber,
        email,
        discord,
        groupme,
        instagram
    )
values (
        97,
        '983-963-7440',
        'akirgan2o@army.mil',
        'treyner2o',
        'lravenscraft2o',
        'rjancic2o'
    );
insert into student (
        userID,
        phoneNumber,
        email,
        discord,
        groupme,
        instagram
    )
values (
        98,
        '527-548-1625',
        'lclarage2p@clickbank.net',
        'fgreim2p',
        'alawee2p',
        'rsalliss2p'
    );
insert into student (
        userID,
        phoneNumber,
        email,
        discord,
        groupme,
        instagram
    )
values (
        99,
        '737-553-7087',
        'vturnpenny2q@accuweather.com',
        'bkliesl2q',
        'apennings2q',
        'iwhorton2q'
    );
insert into student (
        userID,
        phoneNumber,
        email,
        discord,
        groupme,
        instagram
    )
values (
        100,
        '706-349-6626',
        'fplaskett2r@newsvine.com',
        'mpagitt2r',
        'dbudden2r',
        'tmitskevich2r'
    );
insert into Skills (
        skillName,
        skillCategory
    )
values (
        'Python',
        'programming language'
    );
insert into Skills (
        skillName,
        skillCategory
    )
values (
        'C++',
        'programming language'
    );
insert into Skills (
        skillName,
        skillCategory
    )
values (
        'Javascript',
        'programming language'
    );
insert into StudentSkillset (userID, skillID)
values ('3', 2);
insert into StudentSkillset (userID, skillID)
values ('4', 3);
insert into StudentSkillset (userID, skillID)
values ('3', 3);
insert into StudentSkillset (userID, skillID)
values ('5', 3);
insert into StudentSkillset (userID, skillID)
values ('6', 2);
insert into StudentSkillset (userID, skillID)
values ('3', 1);
insert into StudentSkillset (userID, skillID)
values ('4', 2);
insert into StudentSkillset (userID, skillID)
values ('4', 1);
insert into StudentSkillset (userID, skillID)
values ('6', 3);
insert into StudentSkillset (userID, skillID)
values ('7', 2);
insert into StudentSkillset (userID, skillID)
values ('7', 1);
insert into ProjectSkillset (projectID, skillID)
values (1, 1);
insert into ProjectSkillset (projectID, skillID)
values (2, 2);
insert into ProjectSkillset (projectID, skillID)
values (1, 2);
insert into ProjectSkillset (projectID, skillID)
values (3, 2);
insert into ProjectSkillset (projectID, skillID)
values (4, 1);
insert into ProjectSkillset (projectID, skillID)
values (5, 2);
insert into ProjectSkillset (projectID, skillID)
values (6, 3);
insert into ProjectSkillset (projectID, skillID)
values (7, 2);
insert into ProjectSkillset (projectID, skillID)
values (8, 1);
insert into ProjectSkillset (projectID, skillID)
values (9, 3);
insert into ProjectSkillset (projectID, skillID)
values (10, 1);
insert into TeamPreferences (teamID, projectID, preference_number)
values (1, 1, 1);
insert into TeamPreferences (teamID, projectID, preference_number)
values (1, 2, 2);
insert into TeamPreferences (teamID, projectID, preference_number)
values (1, 3, 3);
insert into TeamPreferences (teamID, projectID, preference_number)
values (1, 4, 4);
insert into TeamPreferences (teamID, projectID, preference_number)
values (1, 5, 5);
insert into TeamPreferences (teamID, projectID, preference_number)
values (2, 6, 1);
insert into TeamPreferences (teamID, projectID, preference_number)
values (2, 7, 2);
insert into TeamPreferences (teamID, projectID, preference_number)
values (2, 8, 3);
insert into TeamPreferences (teamID, projectID, preference_number)
values (2, 9, 4);
insert into TeamPreferences (teamID, projectID, preference_number)
values (2, 10, 5);
insert into TeamPreferences (teamID, projectID, preference_number)
values (3, 3, 1);
insert into TeamPreferences (teamID, projectID, preference_number)
values (3, 4, 2);
insert into TeamPreferences (teamID, projectID, preference_number)
values (3, 8, 3);
insert into TeamPreferences (teamID, projectID, preference_number)
values (3, 9, 4);
insert into TeamPreferences (teamID, projectID, preference_number)
values (3, 10, 5);
insert into StudentPreferences (userID, projectID, preference_number)
values ('3', 1, 1);
insert into StudentPreferences (userID, projectID, preference_number)
values ('3', 2, 2);
insert into StudentPreferences (userID, projectID, preference_number)
values ('3', 3, 3);
insert into StudentPreferences (userID, projectID, preference_number)
values ('3', 4, 4);
insert into StudentPreferences (userID, projectID, preference_number)
values ('3', 5, 5);
insert into StudentPreferences (userID, projectID, preference_number)
values ('4', 6, 1);
insert into StudentPreferences (userID, projectID, preference_number)
values ('4', 7, 2);
insert into StudentPreferences (userID, projectID, preference_number)
values ('4', 8, 3);
insert into StudentPreferences (userID, projectID, preference_number)
values ('4', 9, 4);
insert into StudentPreferences (userID, projectID, preference_number)
values ('4', 10, 5);
insert into StudentPreferences (userID, projectID, preference_number)
values ('5', 3, 1);
insert into StudentPreferences (userID, projectID, preference_number)
values ('5', 4, 2);
insert into StudentPreferences (userID, projectID, preference_number)
values ('5', 8, 3);
insert into StudentPreferences (userID, projectID, preference_number)
values ('5', 9, 4);
insert into StudentPreferences (userID, projectID, preference_number)
values ('5', 10, 5);